mutation,evoef_ddG
A146F,0.0
I21D,2.32
L19I,0.0
L23R,0.0
Q22K,0.0
R41A,1.12
R41D,0.96
T20C,0.0
D54K,-1.42
I21K,3.06
I93H,0.0
L53D,0.0
Q43C,0.0
T58R,0.86
V44R,0.0
V45M,0.0
C51V,0.0
I163H,0.0
I55A,0.0
L52A,0.0
L56Y,-1.67
L79H,0.0
N86W,0.0
P140V,0.0
R41E,-2.37
T50V,0.0
C80L,0.0
F141E,0.0
F78V,0.0
L79I,0.0
N86I,0.0
T58L,-1.8
V7R,0.0
D54I,-1.72
D57G,-1.46
G77A,0.0
H95R,0.0
I55E,0.0
L56K,0.45
M111K,0.0
S17N,0.0
T2D,0.0
V125L,0.0
Y40R,2.24
S39P,9.63
A11C,0.0
A59I,-1.46
D38R,1.74
D57R,-0.94
I36P,2.89
L6I,0.0
T20F,0.0
T20W,0.0
T35C,-1.46
V7A,0.0
D33K,1.68
E37R,5.81
F28D,0.0
G12C,0.0
G13D,0.0
I55R,0.0
K16L,0.0
S17R,0.78
V9C,0.0
I24C,0.79
K42A,0.0
A18C,0.0
A18F,0.0
A18L,0.0
A59L,-1.46
K16S,0.0
K16V,0.0
P34D,0.0
Q25P,-0.94
T58K,-1.8
V14G,0.0
